time,stage,details
13:47,Stage 1,importing the api
13:47,Stage 2,read the json and decoded it to a string and it to a list
13:47,Stage 3,take only the jokes from the json and and loop thru the list and check the length of the string of each joke and it to a list and sort it
13:47,Stage 5,read the temperatures JSON as a string
13:47,Stage 4,print the first last and average length of the string
13:47,Stage 6,Loop through the list and add the temperature to the list that has the temperatures as a double
13:47,Stage 7,find the avgrage temparuture(25.6161125) and set variables for the error precentage function
13:47,Stage 8,finding the error precentage functions for temperatures
13:47,Stage 9,seting variables
13:47,Stage 10,error precentage function this time for jokes
13:47,Stage 11,calling the functions
13:47,Stage 12,check which value out of both functions was the highest
13:47,Stage 13,sorting both lists
13:47,Stage 14,printing resualts from the functions